keys,ru
"⚠ STORM INCOMING — EXTRACT","⚠ ШТОРМ БЛИЗКО — ЭВАКУИРУЙТЕСЬ"
"⚑ TEAMMATE DOWN","⚑ СОЮЗНИК СБИТ"
"⚠ FINAL WAVE","⚠ ФИНАЛЬНАЯ ВОЛНА"
"  (RELOADING)","  (ПЕРЕЗАРЯДКА)"
"WASD Move   Shift Sprint   Space Jump
LMB Fire   RMB Aim   Q Swap shoulder
1-5 / Wheel Weapon   R Reload
G Grenade   H Heal   E Loot   I Inventory   M Map","WASD движение   Shift спринт   Space прыжок
ЛКМ огонь   ПКМ прицел   Q смена плеча
1-5 / колесо оружие   R перезарядка
G граната   H аптечка   E лут   I инвентарь   M карта"
"WAVE %d CLEARED","ВОЛНА %d ЗАЧИЩЕНА"
"WAVE %d","ВОЛНА %d"
"PREPARING…","ПОДГОТОВКА…"
"+%d SCRAP  (loot %d · survival %d)","+%d КР  (лут %d · выживание %d)"
"EXTRACTED — YOU WIN","ЭВАКУАЦИЯ — ПОБЕДА"
"KIA — gear lost","ПОГИБ — снаряжение потеряно"
"%s

Press ENTER to restart","%s

ENTER — перезапуск"
"Hold on for a teammate","Держись — союзник поднимет"
"Use Self-Revive Kit [H]  ·  or hold on for a teammate","Аптечка самоподъёма [H]  ·  или жди союзника"
"DOWNED — bleeding out
%s","СБИТ — истекаешь кровью
%s"
"RIFLE","ВИНТОВКА"
"+ %s x%d","+ %s x%d"
"Enemy","Враг"
"%s destroyed","%s уничтожен"
"TACTICAL MAP","ТАКТИЧЕСКАЯ КАРТА"
"FINAL WAVE — STORM","ФИНАЛЬНАЯ ВОЛНА — ШТОРМ"
"TIME  %s","ВРЕМЯ  %s"
"WAVE  %d","ВОЛНА  %d"
"You","Ты"
"Evac (open)","Эвак (открыт)"
"Evac (closed)","Эвак (закрыт)"
"POI","Точка"
"POI %d","Точка %d"
"[M] close","[M] закрыть"
"Supply Cache","Тайник снабжения"
"Mini-boss","Мини-босс"
"Contested","Горячая зона"
"Surge","Всплеск"
"Tier 1","Уровень 1"
"Tier 2","Уровень 2"
"Tier 3","Уровень 3"
"EXTRACT","ЭВАКУАЦИЯ"
"(closed)","(закрыто)"
"N","С"
"S","Ю"
"SIGNAL","СИГНАЛ"
"LOST","ПОТЕРЯН"
"SQUAD — KILLS","ОТРЯД — УБИЙСТВА"
"PLAYER","ИГРОК"
"KILLS","УБИЙСТВА"
"DEATHS","СМЕРТИ"
"REVIVES","ПОДЪЁМЫ"
"TEAM MOBS KILLED: 0","ВРАГОВ УБИТО КОМАНДОЙ: 0"
"TEAM MOBS KILLED: %d","ВРАГОВ УБИТО КОМАНДОЙ: %d"
"(you)","(ты)"
"MVP medic","Лучший медик"
"Loot — dibs!","Лут — чур моё!"
"Extraction","Эвакуация"
"Help!","На помощь!"
"Thanks","Спасибо"
"Regroup","Сбор"
"Going here","Иду сюда"
"Going Here","Иду сюда"
"Need Ammo","Нужны патроны"
"COMMS","СВЯЗЬ"
"Carrying [release F]","Несу союзника [отпустить F]"
"Revive / Carry [hold E / F]","Поднять / Нести [держать E / F]"
"Revive interrupted","Подъём прерван"
"REVIVING…","ПОДНИМАЮ…"
"AVAILABLE CONTRACTS","ДОСТУПНЫЕ КОНТРАКТЫ"
"Accept to add to your active log","Примите, чтобы добавить в активные"
"ACTIVE CONTRACTS","АКТИВНЫЕ КОНТРАКТЫ"
"%d / %d active","%d / %d активно"
"LOCKED","ЗАБЛОКИРОВАНО"
"Meet the conditions to unlock","Выполните условия, чтобы открыть"
"COMPLETED","ЗАВЕРШЕНО"
"NEW","НОВОЕ"
"CLAIMED","ПОЛУЧЕНО"
"ACCEPT","ПРИНЯТЬ"
"New contract available: %s","Новый контракт: %s"
"Active contract limit reached (%d)","Достигнут лимит активных контрактов (%d)"
"Unlock by: ","Откроется: "
"Unlock by progressing","Откроется по мере прогресса"
"complete ""%s""","выполнить «%s»"
"kill %s %s","убить %s %s"
"Step","Шаг"
"Questline complete","Сюжетная линия завершена"
"Issued by: ","Выдал: "
"OBJECTIVE","ЗАДАЧА"
"STORY","СЮЖЕТ"
"Details","Подробнее"
"CONTRACT COMPLETE","КОНТРАКТ ВЫПОЛНЕН"
"QUESTLINE COMPLETE","СЮЖЕТНАЯ ЛИНИЯ ЗАВЕРШЕНА"
"REWARDS","НАГРАДЫ"
"NICE","ОТЛИЧНО"
"+%d CR","+%d КР"
"+%d XP","+%d ОПЫТА"
"+%d Reputation","+%d репутации"
"+%d Skill Point","+%d очко навыка"
"+%d standing · %s","+%d отношений · %s"
"Cosmetic unlocked: %s","Открыта косметика: %s"
"STANDING","ОТНОШЕНИЯ"
"Reputation with your contacts","Репутация с вашими контактами"
"TIER %d","ТИР %d"
"MAX","МАКС"
"Standing: Tier %d (max)","Отношения: тир %d (макс)"
"Standing: Tier %d  (%d / %d)","Отношения: тир %d  (%d / %d)"
"★ QUEST REWARD","★ НАГРАДА ЗА КВЕСТ"
"Daily contracts reset in %s","Ежедневные контракты обновятся через %s"
"%d / %d done today","%d / %d выполнено сегодня"
"Pick up %s","Подобрать %s"
"Storm incoming — extract!","Шторм близко — эвакуируйтесь!"
"THE STORM HAS ARRIVED","ШТОРМ НАЧАЛСЯ"
"Flanked!","Вас обходят!"
"Boss called for backup!","Босс вызвал подкрепление!"
"Supply cache detected — hold to crack it open","Обнаружен тайник снабжения — удерживайте точку, чтобы вскрыть"
"Supply cache lost","Тайник снабжения утерян"
"Hostile Elite detected — eliminate the target","Обнаружен элитный враг — устраните цель"
"Mini-boss eliminated! +%d credits","Мини-босс уничтожен! +%d кредитов"
"Hostile Elite escaped","Элитный враг ушёл"
"Unknown","Неизвестно"
"Contested: %s","Горячая зона: %s"
"Hot zone — %s is contested!","Горячая зона — бой за %s!"
"North Tower","Северная башня"
"East Warehouse","Восточный склад"
"Plaza","Площадь"
"SW House","Юго-западный дом"
"South Yard","Южный двор"
"East Yard","Восточный двор"
"Snow Lodge","Снежная хижина"
"Snow Depot","Снежный склад"
"Desert Ruins","Руины пустыни"
"Ruin Columns","Колонны руин"
"Temple","Храм"
"Shrine House","Дом святилища"
"Hot zone cleared","Горячая зона зачищена"
"Enemy surge incoming!","Идёт волна врагов!"
"Surge subsiding","Всплеск стихает"
"[Hold] Crack supply cache","[Держать] Вскрыть тайник"
"Supply cache cracked! Loot secured.","Тайник вскрыт! Лут получен."
"Reinforcements inbound!","Подкрепление врага на подходе!"
"Raider L%d: %s","Рейдер ур.%d: %s"
"SURFACE OPERATIONS // EXTRACT OR DIE","НАЗЕМНЫЕ ОПЕРАЦИИ // ЭВАКУИРУЙСЯ ИЛИ УМРИ"
"CALLSIGN","ПОЗЫВНОЙ"
"Player name","Имя игрока"
"SINGLE PLAYER","ОДИНОЧНАЯ ИГРА"
"HOST CO-OP","СОЗДАТЬ КООП"
"Host IP (default 127.0.0.1)","IP хоста (по умолчанию 127.0.0.1)"
"JOIN CO-OP","ПРИСОЕДИНИТЬСЯ"
"SERVERS — browse / favorites / LAN","СЕРВЕРЫ — список / избранное / LAN"
"SETTINGS","НАСТРОЙКИ"
"QUIT","ВЫХОД"
"Hosting on port %d — configure your loadout…","Хост на порту %d — настройте снаряжение…"
"Host failed: %s","Не удалось создать хост: %s"
"Connecting to %s:%d…","Подключение к %s:%d…"
"Join failed — check IP/port","Не удалось подключиться — проверьте IP/порт"
"Join failed — check IP/port (is the host up?)","Не удалось подключиться — проверьте IP/порт (хост запущен?)"
"All players ready — match starting!","Все игроки готовы — матч начинается!"
"GRAPHICS","ГРАФИКА"
"AUDIO","ЗВУК"
"CONTROLS","УПРАВЛЕНИЕ"
"INTERFACE","ИНТЕРФЕЙС"
"ADVANCED QUALITY","РАСШИРЕННОЕ КАЧЕСТВО"
"RT-STYLE REFLECTIONS","RT-ОТРАЖЕНИЯ"
"CINEMATIC / BEYOND ULTRA","КИНЕМАТОГРАФИЧНОСТЬ / ВЫШЕ ULTRA"
"LANGUAGE","ЯЗЫК"
"STATISTICS OVERLAY","ОВЕРЛЕЙ СТАТИСТИКИ"
"HUD LAYOUT (ULTRAWIDE)","РАСКЛАДКА HUD (ШИРОКИЙ ЭКРАН)"
"CAMERA","КАМЕРА"
"Render Scale","Масштаб рендера"
"Global Illumination (SDFGI)","Глобальное освещение (SDFGI)"
"Ambient Occlusion (SSAO)","Глобальное затенение (SSAO)"
"Bloom / Glow","Свечение (Bloom)"
"Volumetric Clouds","Объёмные облака"
"Water Refraction","Преломление воды"
"Screen-Space Reflections (SSR)","Экранные отражения (SSR)"
"Screen-Space Indirect Light (SSIL)","Экранный непрямой свет (SSIL)"
"Reflection Probes","Зонды отражений"
"VoxelGI (experimental)","VoxelGI (экспериментально)"
"Grass Density","Густота травы"
"Draw Distance","Дальность прорисовки"
"Particle Density","Плотность частиц"
"Terrain Detail","Детализация ландшафта"
"Local Fog Density","Плотность локального тумана"
"Climate Density","Плотность погоды"
"Shadow Distance","Дальность теней"
"DOF Amount","Сила размытия (DOF)"
"Volumetric Fog","Объёмный туман"
"Local Fog Zones","Локальные зоны тумана"
"Climate Zones (rain/snow/desert)","Климатические зоны (дождь/снег/пустыня)"
"God Rays","Лучи света"
"Depth of Field","Глубина резкости"
"Terrain Parallax (POM)","Параллакс ландшафта (POM)"
"Show FPS","Показывать FPS"
"Detailed Stats","Подробная статистика"
"Stats Display","Вид статистики"
"UI Horizontal Offset","Сдвиг UI по горизонтали"
"UI Vertical Offset","Сдвиг UI по вертикали"
"HUD Scale","Масштаб HUD"
"Camera Distance","Дистанция камеры"
"Camera Shoulder","Смещение за плечо"
"Default View","Вид по умолчанию"
"Language","Язык"
"(applies next raid)","(применится в следующем рейде)"
"(applies next raid; heavy)","(в следующем рейде; тяжёлая опция)"
"(experimental — applies next raid)","(экспериментально — в следующем рейде)"
"(toggle in-game with V)","(в игре переключается на V)"
"Windowed","В окне"
"Borderless Fullscreen","Безрамочный полный экран"
"Exclusive Fullscreen","Полный экран"
"Off","Выкл"
"On","Вкл"
"Adaptive","Адаптивно"
"Low","Низкое"
"Medium","Среднее"
"High","Высокое"
"Ultra","Ультра"
"Ultra+RT","Ультра+RT"
"Custom","Своё"
"Hold","Удержание"
"Toggle","Переключение"
"Numeric","Числа"
"Graphs","Графики"
"Graphs + Numbers","Графики + числа"
"Third Person","От третьего лица"
"First Person","От первого лица"
"%d m","%d м"
"RESET TO DEFAULTS","СБРОСИТЬ НАСТРОЙКИ"
"BACK","НАЗАД"
"PAUSED","ПАУЗА"
"RESUME","ПРОДОЛЖИТЬ"
"QUIT TO MENU","ВЫЙТИ В МЕНЮ"
"ENTERING RAID…","ВХОД В РЕЙД…"
"Preparing graphics…","Подготовка графики…"
"Shaders","Шейдеры"
"Materials","Материалы"
"Icons","Иконки"
"World","Мир"
"Ready","Готово"
"Terrain","Ландшафт"
"Structures","Постройки"
"Ground","Поверхность"
"Flora","Растительность"
"Navmesh","Навигация"
"World loot","Мировой лут"
"SERVERS","СЕРВЕРЫ"
"DIRECT CONNECT","ПРЯМОЕ ПОДКЛЮЧЕНИЕ"
"CONNECT","ПОДКЛЮЧИТЬСЯ"
"☆ Save","☆ Сохранить"
"SCAN LAN","СКАН LAN"
"FAVORITES","ИЗБРАННОЕ"
"RECENT","НЕДАВНИЕ"
"CLOSE","ЗАКРЫТЬ"
"Scanning…","Сканирование…"
"Scanning the local network…","Сканирование локальной сети…"
"No LAN servers found. Press SCAN LAN.","Серверы в LAN не найдены. Нажмите СКАН LAN."
"No favorites yet. Save a server with ☆.","Избранного пока нет. Сохраните сервер кнопкой ☆."
"No recent connections.","Недавних подключений нет."
"HUB","ХАБ"
"STASH // LOADOUT // WORKSHOP","СХРОН // СНАРЯЖЕНИЕ // МАСТЕРСКАЯ"
"CR 0","0 КР"
"STASH","СХРОН"
"LOADOUT","СНАРЯЖЕНИЕ"
"WORKSHOP","МАСТЕРСКАЯ"
"SHOP","МАГАЗИН"
"QUESTS","КОНТРАКТЫ"
"GUNSMITH","ОРУЖЕЙНИК"
"RAIDER","РЕЙДЕР"
"DEPLOY","ВЫСАДКА"
"SQUAD","ОТРЯД"
"Coming soon","Скоро"
"START RAID","НАЧАТЬ РЕЙД"
"READY","ГОТОВ"
"UNREADY","НЕ ГОТОВ"
"EASY — fewer, weaker enemies. Good for learning the map.","ЛЕГКО — меньше врагов и они слабее. Подходит для изучения карты."
"NORMAL — balanced threat. Recommended for most runs.","НОРМАЛЬНО — сбалансированная угроза. Рекомендуется для большинства рейдов."
"HARD — more enemies, higher damage. Extraction is brutal.","СЛОЖНО — больше врагов, выше урон. Эвакуация будет жестокой."
"Waiting for the squad to ready up…","Ожидание готовности отряда…"
"CR %d","%d КР"
"EASY","ЛЕГКО"
"NORMAL","НОРМАЛЬНО"
"HARD","СЛОЖНО"
"EXTRACTED","ЭВАКУАЦИЯ УСПЕШНА"
"Gear secured. Head back to the Hub.","Снаряжение сохранено. Возвращайся в Хаб."
"ITEMS EXTRACTED","ВЫВЕЗЕННЫЕ ПРЕДМЕТЫ"
"+CR 0","+0 КР"
"BLUEPRINTS LEARNED","ИЗУЧЕННЫЕ ЧЕРТЕЖИ"
"QUESTS COMPLETED","ВЫПОЛНЕННЫЕ КОНТРАКТЫ"
"CONTINUE","ПРОДОЛЖИТЬ"
"RESTART","ЗАНОВО"
"PROGRESSION","ПРОГРЕСС"
"KIA","ПОГИБ"
"Gear lost. Better luck next time.","Снаряжение потеряно. Повезёт в следующий раз."
"Nothing extracted.","Ничего не вывезено."
"+CR %d","+%d КР"
"kills %d","убийства %d"
"extract %d","эвакуация %d"
"events %d","события %d"
"loot %d","лут %d"
"+XP %d","+%d ОП"
"+XP %d  (%s)","+%d ОП  (%s)"
"RAIDER LEVEL UP  →  %d","УРОВЕНЬ РЕЙДЕРА ПОВЫШЕН  →  %d"
"+REP %d  (Tier %d)","+%d РЕП  (Ранг %d)"
"+REP %d  (Tier %d → Tier %d)","+%d РЕП  (Ранг %d → Ранг %d)"
"Mastery: %s  Lv%d","Мастерство: %s  ур.%d"
"STASH OVERLOADED","СХРОН ПЕРЕПОЛНЕН"
"Trim your stash below capacity to continue.","Освободите схрон до лимита, чтобы продолжить."
"CONFIRM","ПОДТВЕРДИТЬ"
"%.1f / %.1f kg","%.1f / %.1f кг"
"%s  ×%d  (%.1f kg)","%s  ×%d  (%.1f кг)"
"SELL","ПРОДАТЬ"
"RECYCLE","РАЗОБРАТЬ"
"DROP","ВЫБРОСИТЬ"
"Sell 1 for %d CR","Продать 1 за %d КР"
"No value","Без цены"
"Recycle 1 into materials","Разобрать 1 на материалы"
"Discard 1 (no payout)","Выбросить 1 (без выплаты)"
"TRADE","ОБМЕН"
"YOUR ITEMS","ВАШИ ПРЕДМЕТЫ"
"TRADE — with %s","ОБМЕН — с %s"
"YOUR OFFER (%d)","ВАШЕ ПРЕДЛОЖЕНИЕ (%d)"
"THEIR OFFER (%d)","ИХ ПРЕДЛОЖЕНИЕ (%d)"
"Waiting for %s...","Ожидание %s..."
"Trading with %s","Обмен с %s"
"You: %s   |   %s: %s","Ты: %s   |   %s: %s"
"CONFIRMED","ПОДТВЕРЖДЕНО"
"ready","готов"
"editing","меняет"
"No teammate nearby to trade","Рядом нет союзника для обмена"
"Trade cancelled","Обмен отменён"
"Partner cancelled the trade","Партнёр отменил обмен"
"Trade complete","Обмен завершён"
"Partner left — trade cancelled","Партнёр вышел — обмен отменён"
"Raider %d","Рейдер %d"
"Click to add one to your offer","Клик — добавить 1 в предложение"
"Remove one from your offer","Убрать 1 из предложения"
"CANCEL","ОТМЕНА"
"INVENTORY","ИНВЕНТАРЬ"
"Sort:","Сортировка:"
"All","Все"
"Weapons","Оружие"
"Consumables","Расходники"
"0.0 / 50 kg","0.0 / 50 кг"
"Value: 0","Цена: 0"
"%.1f / %.0f kg","%.1f / %.0f кг"
"Value: %d","Цена: %d"
"%s
[%s]
Weight: %.1f kg
Value: %d

%s","%s
[%s]
Вес: %.1f кг
Цена: %d

%s"
"Use","Использовать"
"Drop","Выбросить"
"CHARACTER","ПЕРСОНАЖ"
"SELECT CATEGORY","ВЫБЕРИТЕ КАТЕГОРИЮ"
"VARIANTS","ВАРИАНТЫ"
"PREVIEW","ПРЕДПРОСМОТР"
"HEAD","ГОЛОВА"
"TORSO","ТОРС"
"ARMS","РУКИ"
"LEGS","НОГИ"
"PAINT","ОКРАСКА"
"EQUIP","ЭКИПИРОВАТЬ"
"EQUIPPED","ЭКИПИРОВАНО"
"BUY (CR %d)","КУПИТЬ (%d КР)"
"(preview N/A)","(предпросмотр недоступен)"
"Dome","Купол"
"Visor","Визор"
"Antenna","Антенна"
"Cyclops","Циклоп"
"Horned","Рогатый"
"Crest","Гребень"
"Hooded","Капюшон"
"Fin","Плавник"
"Riot","Щит"
"Oni","Они"
"Plated","Броня"
"Light","Лёгкий"
"Heavy","Тяжёлый"
"Tac Rig","Тактический"
"Reactor","Реактор"
"Exo-Frame","Экзоскелет"
"Recon","Разведчик"
"Trench","Траншейный"
"Juggernaut","Джаггернаут"
"Standard","Стандарт"
"Bulky","Массивный"
"Servo","Сервопривод"
"Pauldron","Наплечник"
"Blade","Клинок"
"Gauntlet","Наручи"
"Piston","Поршень"
"Bracer","Манжеты"
"Claw","Коготь"
"Digitigrade","Цифроградный"
"Boots","Сапоги"
"Thruster","Ускоритель"
"Armored","Бронированный"
"Runner","Бегун"
"Tread","Гусеница"
"Greaves","Поножи"
"Raider","Рейдер"
"Ash","Пепел"
"Crimson","Багровый"
"Forest","Лесной"
"Arctic","Арктика"
"Void","Бездна"
"Toxic","Токсичный"
"Gilded","Золочёный"
"Ember","Уголь"
"Royal","Королевский"
"Split","Разделить"
"Give to %s","Отдать: %s"
"Sell 1","Продать 1"
"Sell All","Продать всё"
"Recycle 1","Разобрать 1"
"SORT","СОРТИРОВКА"
"Toggle sort by value (high → low)","Сортировка по цене (убывание)"
"SELL ALL JUNK","ПРОДАТЬ ВЕСЬ ХЛАМ"
"Sell every Common-rarity Material stack","Продать все обычные материалы"
"RECYCLE ALL","РАЗОБРАТЬ ВСЁ"
"Recycle every Material stack (leaves consumables & weapons)","Разобрать все материалы (расходники и оружие останутся)"
"Total value: %d","Общая цена: %d"
"%s
[Unknown item]","%s
[Неизвестный предмет]"
"%s
[%s]
Value: %d

%s","%s
[%s]
Цена: %d

%s"
"%s
CR %d","%s
%d КР"
"BUY","КУПИТЬ"
"No blueprints available — check back after crafting more recipes.","Чертежей нет — загляните позже, когда откроете больше рецептов."
"LEARNED","ИЗУЧЕНО"
"DAILY CONTRACTS","ЕЖЕДНЕВНЫЕ КОНТРАКТЫ"
"Refreshes each day","Обновляются каждый день"
"CONTRACTS","КОНТРАКТЫ"
"No contracts available","Контрактов нет"
"DAILY","ЕЖЕДНЕВНЫЙ"
"%s x%d","%s x%d"
"Blueprint: %s","Чертёж: %s"
"Reward:","Награда:"
"CLAIM","ЗАБРАТЬ"
"IN PROGRESS","В ПРОЦЕССЕ"
"SELECT WEAPON","ВЫБОР ОРУЖИЯ"
"ATTACHMENT SLOTS","СЛОТЫ ОБВЕСОВ"
"  WARNING — AT RISK: attachments are LOST if you do not extract.","  ВНИМАНИЕ — ПОД РИСКОМ: обвесы ТЕРЯЮТСЯ, если не эвакуироваться."
"— empty —","— пусто —"
"— pick —","— выбрать —"
"CLEAR","СНЯТЬ"
"PERMANENT PERKS","ПОСТОЯННЫЕ ПЕРКИ"
"Lv %d/%d","Ур. %d/%d"
"MAX","МАКС"
"OPTIC","ПРИЦЕЛ"
"MAG","МАГАЗИН"
"BARREL","СТВОЛ"
"GRIP","РУКОЯТЬ"
"RAIDER LEVEL %d","УРОВЕНЬ РЕЙДЕРА %d"
"%d / %d XP  (Total: %d)","%d / %d ОП  (всего: %d)"
"Skill Points Available: %d","Доступно очков навыков: %d"
"All Raider milestones earned.","Все рубежи Рейдера получены."
"Next milestone — Level %d: %s","Следующий рубеж — уровень %d: %s"
"RAIDER LEVEL","УРОВЕНЬ РЕЙДЕРА"
"SKILL TREE","ДРЕВО НАВЫКОВ"
"VENDOR REPUTATION","РЕПУТАЦИЯ ТОРГОВЦА"
"WEAPON MASTERY","МАСТЕРСТВО ОРУЖИЯ"
"Mastery complete","Мастерство освоено"
"%d / %d xp","%d / %d оп"
"Lv %d / %d","Ур. %d / %d"
"MAX (%d)","МАКС (%d)"
"TIER %d  ·  %d%% shop discount","РАНГ %d  ·  скидка в магазине %d%%"
"TIER %d  ·  No discount yet","РАНГ %d  ·  скидки пока нет"
"Maximum tier reached!","Достигнут максимальный ранг!"
"%d / %d rep to Tier %d","%d / %d реп. до ранга %d"
"Next tier reward:","Награда за следующий ранг:"
"PISTOL","ПИСТОЛЕТ"
"SMG","ПП"
"SHOTGUN","ДРОБОВИК"
"DMR","МАРКСМАНКА"
"IN LOADOUT","В СНАРЯЖЕНИИ"
"UNLOCK","ОТКРЫТЬ"
"UPGRADE","УЛУЧШИТЬ"
"OWNED","КУПЛЕНО"
"FREE","БЕСПЛАТНО"
"Ammo Box","Ящик патронов"
"Anomalous Artifact","Аномальный артефакт"
"Chemical Compound","Химический состав"
"Circuit Board","Печатная плата"
"Circuit Pack","Набор микросхем"
"Encrypted Data Chip","Шифрованный чип данных"
"Energy Cell","Энергоячейка"
"Frag Grenade","Осколочная граната"
"Frag Grenade Mk2","Осколочная граната Mk2"
"Knockdown Shield","Щит при падении"
"Medkit","Аптечка"
"Plastic Scraps","Обломки пластика"
"Rifle","Винтовка"
"Ammo Schematic","Схема: патроны"
"Circuit Pack Schematic","Схема: набор микросхем"
"Drum Mag Schematic","Схема: барабанный магазин"
"Grenade Mk2 Schematic","Схема: граната Mk2"
"Combat Stim Schematic","Схема: боевой стимулятор"
"Suppressor Schematic","Схема: глушитель"
"Scrap","Металлолом"
"Self-Revive Kit","Аптечка самоподъёма"
"Combat Stim","Боевой стимулятор"
"A box of mixed-calibre rounds. Resupplies weapons mid-raid.","Ящик патронов разных калибров. Пополняет боезапас прямо в рейде."
"A pulsing fragment of unknown origin. Traders pay handsomely for these.","Пульсирующий осколок неизвестного происхождения. Торговцы платят за такие щедро."
"Volatile industrial chemicals salvaged from robot coolant systems. Used in advanced crafting.","Летучая промышленная химия из систем охлаждения роботов. Нужна для продвинутого крафта."
"Intact electronic circuitry stripped from decommissioned machines. High-tier crafting component.","Целая электроника, снятая со списанных машин. Компонент крафта высокого уровня."
"Dense assembly of salvaged electronics. A compact crafting component worth more than its parts.","Плотная сборка из утильной электроники. Компактный компонент дороже суммы своих частей."
"Classified machine intelligence compressed onto a thumb-sized chip. Fetch a premium at extraction.","Секретные данные машинного интеллекта на чипе размером с палец. На эвакуации ценятся особенно."
"A charged power cell. Valuable salvage and ammo feedstock.","Заряженная энергоячейка. Ценный утиль и сырьё для патронов."
"High-explosive fragmentation grenade. Throwable. Bring some into a raid.","Осколочная граната. Метательная. Возьмите несколько в рейд."
"High-yield fragmentation grenade. Larger blast radius than standard issue — handle with care.","Усиленная осколочная граната. Радиус взрыва больше стандартного — обращаться осторожно."
"While downed, absorbs incoming damage so teammates have time to revive you.","Пока вы сбиты, поглощает входящий урон — у союзников будет время вас поднять."
"A field medical kit. Restores health instantly. Bring some into a raid.","Полевая аптечка. Мгновенно восстанавливает здоровье. Возьмите в рейд."
"Broken polymer panels and housings. Lightweight crafting material.","Сломанные полимерные панели и корпуса. Лёгкий материал для крафта."
"Standard-issue assault rifle. Reliable and accurate at range.","Штатная штурмовая винтовка. Надёжная и точная на дистанции."
"A weapons schematic. Extract with it to permanently learn the Ammo Box recipe.","Оружейная схема. Эвакуируйтесь с ней, чтобы навсегда изучить рецепт ящика патронов."
"Engineering notes for dense circuit assembly. Extract with it to learn the Circuit Pack recipe.","Инженерные записи по сборке плотных схем. Эвакуируйтесь с ними, чтобы изучить рецепт набора микросхем."
"Manufacturing notes for a high-capacity drum magazine. Extract with it to permanently learn the recipe.","Технология барабанного магазина повышенной ёмкости. Эвакуируйтесь с ней, чтобы навсегда изучить рецепт."
"Classified ordnance blueprints. Extract with it to permanently learn how to craft the Mk2 Frag Grenade.","Секретные оружейные чертежи. Эвакуируйтесь с ними, чтобы навсегда изучить крафт гранаты Mk2."
"Formula notes for an adrenaline compound. Extract with it to permanently learn the Combat Stim recipe.","Формула адреналинового состава. Эвакуируйтесь с ней, чтобы навсегда изучить рецепт боевого стимулятора."
"Classified fabrication blueprint. Extract with it to permanently learn how to craft a Suppressor.","Секретный производственный чертёж. Эвакуируйтесь с ним, чтобы навсегда изучить крафт глушителя."
"Salvaged metal and components. Common material used for crafting.","Металлолом и детали. Базовый материал для крафта."
"Use while downed to pick yourself back up. One-shot. Bring it into a raid for solo insurance.","Используйте, будучи сбитым, чтобы подняться самому. Одноразовая. Страховка для одиночных рейдов."
"A self-injecting adrenaline compound. Temporarily boosts movement speed and suppresses pain.","Автоинъектор с адреналиновым составом. Временно ускоряет движение и глушит боль."
"Compensator","Компенсатор"
"Drum Magazine","Барабанный магазин"
"Extended Mag","Удлинённый магазин"
"Heavy Grip","Утяжелённая рукоять"
"Holo Sight","Голографический прицел"
"Lightweight Mag","Облегчённый магазин"
"Long Barrel","Удлинённый ствол"
"Quickdraw Grip","Скоростная рукоять"
"Red-Dot Sight","Коллиматор"
"4x Scope","Прицел 4x"
"Suppressor","Глушитель"
"Muzzle device that cuts recoil and tightens spread. Fits any weapon.","Дульное устройство: меньше отдача, кучнее стрельба. Подходит к любому оружию."
"Massive drum holds far more rounds but the bulk slows reloads noticeably. Best for suppressing waves.","Огромный барабан вмещает куда больше патронов, но заметно замедляет перезарядку. Идеален против волн."
"Larger magazine — more rounds before reloading, at the cost of slightly slower reloads.","Магазин побольше — больше выстрелов до перезарядки ценой чуть более медленной смены."
"Weighted angled foregrip that soaks up muzzle climb and tightens sustained fire spread. Slower to raise.","Утяжелённая наклонная рукоять гасит подброс ствола и держит кучность при длинных очередях. Медленнее вскидка."
"Holographic optic with a wide field of view. Better zoom than a red-dot with no tunnel-vision penalty.","Голографический прицел с широким обзором. Зум лучше коллиматора без эффекта туннельного зрения."
"Polymer-body magazine. Slightly fewer rounds but reloads snap in faster — great for aggressive play.","Полимерный магазин. Чуть меньше патронов, зато перезарядка щёлкает быстрее — для агрессивной игры."
"Extended barrel boosts muzzle velocity — tighter spread and greater effective range at the cost of handling.","Удлинённый ствол повышает начальную скорость пули: кучнее и дальше, но хуже управляемость."
"Ergonomic grip tape and contoured handle — faster handling and ADS transitions. Slightly less stability.","Эргономичная обмотка и анатомическая рукоять — быстрее вскидка и прицеливание. Чуть меньше стабильность."
"Lightweight reflex optic. Snaps to ADS quickly with a mild zoom. Fits anything but a DMR.","Лёгкий коллиматорный прицел. Быстрая вскидка, лёгкий зум. Подходит ко всему, кроме марксманки."
"Magnified optic. Zooms in further when aiming and extends effective range. At risk in a raid.","Оптический прицел. Сильнее приближает при прицеливании и расширяет эффективную дальность. В рейде — под риском."
"Precision-machined barrel and recoil-damping baffles. The best muzzle control available — tames recoil and tightens spread hard, with only a slight range trade-off.","Прецизионный ствол с гасящими перегородками. Лучший контроль ствола: сильно укрощает отдачу и кучность, лишь немного теряя в дальности."
"Daily: Smash and Grab","Ежедневный: Хапнул и беги"
"Daily: Relic Hunter","Ежедневный: Охотник за реликвиями"
"Daily: Breaker","Ежедневный: Крушитель"
"Daily: Scrapper","Ежедневный: Утильщик"
"Daily: Scav Run","Ежедневный: Вылазка за лутом"
"Daily: Hold the Line","Ежедневный: Держать строй"
"Make It Out Alive","Выбраться живым"
"Proof of the Anomaly","Доказательство аномалии"
"Slay the Bastion Prime","Убить Бастион-Прайм"
"Swat the Swarm","Прихлопнуть рой"
"Cull the Machines","Проредить машины"
"Data Recovery","Восстановление данных"
"Hold the Line","Держать строй"
"Contract: Iron Giant","Контракт: Железный гигант"
"Contract: Data Broker","Контракт: Торговец данными"
"Contract: Last Stand","Контракт: Последний рубеж"
"Extract from a raid today.","Эвакуируйтесь из рейда сегодня."
"Extract an Artifact from a raid today.","Вывезите артефакт из рейда сегодня."
"Destroy 3 Heavy robots in a single raid.","Уничтожьте 3 тяжёлых роботов за один рейд."
"Destroy 8 robots today.","Уничтожьте 8 роботов сегодня."
"Pick up 10 items in a single raid.","Подберите 10 предметов за один рейд."
"Survive until wave 3 in a single raid.","Доживите до 3-й волны за один рейд."
"Successfully extract from 3 raids. Reward unlocks the Ammo Box blueprint.","Успешно эвакуируйтесь из 3 рейдов. Награда откроет чертёж ящика патронов."
"Traders want physical evidence. Extract with 2 Anomalous Artifacts still in your inventory.","Торговцам нужны вещественные доказательства. Эвакуируйтесь с 2 аномальными артефактами в инвентаре."
"Bring down the Bastion Prime. One kill is all it takes — but that one will be earned.","Завалите Бастион-Прайм. Достаточно одного убийства — но его придётся заслужить."
"Wasps are fast, fragile scouts — prove you can deal with them. Destroy 5 Wasps across your raids.","Осы — быстрые и хрупкие разведчики. Докажите, что справитесь: уничтожьте 5 ос за любые рейды."
"Destroy 10 robots across your raids.","Уничтожьте 10 роботов за любые рейды."
"Recover 3 Data Chips from the ruins. The machines guard their secrets well.","Добудьте 3 чипа данных из руин. Машины хорошо стерегут свои секреты."
"Survive long enough to see Wave 5. The machines send their heaviest units then — be ready.","Доживите до 5-й волны. Тогда машины бросают в бой самые тяжёлые силы — будьте готовы."
"Destroy the Bastion boss 3 times across any number of raids.","Уничтожьте босса Бастиона 3 раза за любое число рейдов."
"Extract 5 Data Chips across any number of raids.","Вывезите 5 чипов данных за любое число рейдов."
"Survive until wave 5 in a single raid.","Доживите до 5-й волны за один рейд."
"Vitality","Живучесть"
"+6% max health / level","+6% макс. здоровья / уровень"
"Scavenger","Мародёр"
"+8% loot value / level","+8% ценности лута / уровень"
"Endurance","Выносливость"
"+8% stamina / level","+8% выносливости / уровень"
"Gunner","Стрелок"
"+4% weapon damage / level","+4% урона оружия / уровень"
"Free SMG","Бесплатный ПП"
"+25 Stash Capacity","+25 к вместимости схрона"
"+500 Credits","+500 кредитов"
"Free DMR","Бесплатная марксманка"
"Reinforced Frame","Усиленный каркас"
"+8% max health per level","+8% макс. здоровья за уровень"
"Quick Hands","Ловкие руки"
"-7% reload time per level","-7% времени перезарядки за уровень"
"Conditioning","Закалка"
"+10% stamina per level","+10% выносливости за уровень"
"Calibrated Barrels","Калиброванные стволы"
"+6% weapon damage per level","+6% урона оружия за уровень"
"Stash Expansion","Расширение схрона"
"+25 stash weight capacity per level","+25 кг вместимости схрона за уровень"
"Mastery","Мастерство"
"+5% damage / level","+5% урона / уровень"
"Recoil Control","Контроль отдачи"
"-8% recoil / level","-8% отдачи / уровень"
"Fast Hands","Быстрые руки"
"-6% reload / level","-6% перезарядки / уровень"
"Extended Feed","Расширенная подача"
"+3 mag / level","+3 к магазину / уровень"
"Common","Обычный"
"Uncommon","Необычный"
"Rare","Редкий"
"Epic","Эпический"
"Legendary","Легендарный"
"Window Mode","Режим окна"
"Resolution","Разрешение"
"VSync","Верт. синхронизация"
"Anti-Aliasing (MSAA)","Сглаживание (MSAA)"
"Shadow Quality","Качество теней"
"Field of View","Поле зрения"
"Quality Preset","Пресет качества"
"Master Volume","Общая громкость"
"SFX Volume","Громкость эффектов"
"Mute All","Без звука"
"Mouse Sensitivity","Чувствительность мыши"
"Invert Y Axis","Инвертировать ось Y"
"Aim Mode","Режим прицеливания"
"KEYBINDS","КЛАВИШИ"
"Move","Движение"
"Sprint","Спринт"
"Jump","Прыжок"
"Fire","Огонь"
"Aim","Прицел"
"Reload","Перезарядка"
"LMB","ЛКМ"
"RMB","ПКМ"
"DIFFICULTY","СЛОЖНОСТЬ"
"EXTRACTING","ИДЁТ ЭВАКУАЦИЯ"
"LOADOUT  (max 3 weapons)","СНАРЯЖЕНИЕ  (макс. 3 оружия)"
"LOADOUT // UPGRADES // DEPLOYMENT","СНАРЯЖЕНИЕ // УЛУЧШЕНИЯ // ВЫСАДКА"
"PERMANENT UPGRADES","ПОСТОЯННЫЕ УЛУЧШЕНИЯ"
"Stash empty — extract loot to fill it","Схрон пуст — вывозите лут, чтобы его наполнить"
"Total value: 0","Общая цена: 0"
"0.0 / 0.0 kg","0.0 / 0.0 кг"
"Reward: ","Награда: "
"Next tier reward: ","Награда за следующий ранг: "
"ip  or  ip:port","ip  или  ip:port"
"VISUAL FX","ВИЗУАЛЬНЫЕ ЭФФЕКТЫ"
"UI Glass FX","Стеклянные эффекты"
"Scanlines, grain & frosted-glass blur behind menus","Развёртка, зерно и матовое размытие за меню"
"Port %d is busy — close any other running copy of the game and try again.","Порт %d занят — закройте другой запущенный экземпляр игры и повторите."
"DOWNED — bleeding out","СБИТ — истекаешь кровью"
"Crawl (WASD) to cover or an OPEN evac to escape","Ползи (WASD) в укрытие или в ОТКРЫТУЮ зону эвакуации"
"[H] Self-Revive","[H] Самоподъём"
"teammate can revive you","союзник может поднять"
"hold [X] to give up","зажми [X] — сдаться"
"GIVING UP…","СДАЁШЬСЯ…"
"Difficulty: %s","Сложность: %s"
"RESTART SQUAD","ЗАНОВО ОТРЯДОМ"
"Open Power Cache","Открыть сундук силы"
"POWER CACHE","СУНДУК СИЛЫ"
"ACTIVATED!","АКТИВИРОВАНО!"
"POWER CACHES (unlock to roll)","СУНДУКИ СИЛЫ (открой для выпадения)"
"FREE","ДОСТУПНО"
"OWNED","КУПЛЕНО"
"%d SP","%d ОН"
"Berserk","Берсерк"
"Rapid Fire","Скорострел"
"Swift","Ускорение"
"Overshield","Сверхщит"
"Regen","Регенерация"
"Lifesteal","Вампиризм"
"Juggernaut","Джаггернаут"
"Adrenaline","Адреналин"
"Frenzy","Ярость"
"+60% weapon damage","+60% урона оружия"
"+45% fire rate","+45% скорострельности"
"+35% move speed","+35% скорости"
"Absorb 90 damage","Поглощает 90 урона"
"Heal 9 HP/sec","Лечит 9 HP/сек"
"Heal 30% of damage dealt","Лечит 30% нанесённого урона"
"−45% damage taken","−45% получаемого урона"
"Infinite stamina + reload","Бесконечная стамина + перезарядка"
"+40% damage, fire & speed","+40% урон, скорострел и скорость"
"Smoke Grenade","Дымовая граната"
"EMP Grenade","ЭМИ-граната"
"Noise Decoy","Шумовая приманка"
"Deploys a thick smoke cloud that blocks robot line of sight. Break contact and reposition.","Ставит густое дымовое облако, блокирующее обзор роботов. Разорви контакт и смени позицию."
"Electromagnetic pulse that stuns every robot in range. No damage, but buys you precious seconds.","Электромагнитный импульс станит всех роботов в радиусе. Без урона, но даёт драгоценные секунды."
"A blinking beacon that chirps loud pulses, luring robots away to investigate while you slip past.","Мигающий маяк с громкими импульсами уводит роботов на проверку, пока ты проскальзываешь мимо."
"Auto-Turret","Авто-турель"
"Shield Dome","Щит-купол"
"Motion Sensor","Датчик движения"
"Deployable sentry gun. Auto-fires at the nearest enemy in line of sight. Lasts a while, then burns out — and enemies can destroy it.","Разворачиваемая турель. Сама стреляет по ближайшему врагу в зоне видимости. Работает недолго, и враги могут её уничтожить."
"Deployable energy bubble. Halves damage to allies standing inside it. Buys your squad a few seconds of cover.","Разворачиваемый энергокупол. Вдвое снижает урон по союзникам внутри. Даёт отряду несколько секунд укрытия."
"Deployable scanner. Periodically tags nearby enemies with a marker you can see through walls. Know what's coming.","Разворачиваемый сканер. Периодически помечает врагов рядом маркером, видимым сквозь стены. Знай, что приближается."
"Ride zipline [E]","Прокатиться по тросу [E]"
"Siege","Осада"
"Siege! Hold the position against the waves.","Осада! Удержи позицию против волн."
"Position held — the siege breaks!","Позиция удержана — осада сломлена!"
"The position was overrun","Позиция захвачена"
"MUTATOR: %s","МУТАТОР: %s"
"Fog","Туман"
"Double Loot","Двойной лут"
"Elite Patrols","Элитные патрули"
"Night Raid","Ночной рейд"
"Unlock [hold E]","Отпереть [держать E]"
"Requires %s","Требуется %s"
"Annex unlocked","Пристройка открыта"
"Pay %d cr to call extraction [hold E]","Заплатить %d кр за вызов эвакуации [держать E]"
"Calling extraction… %d%%","Вызов эвакуации… %d%%"
"Requires a Signal Flare","Нужна сигнальная ракета"
"Fire signal flare [hold E]","Запустить сигнальную ракету [держать E]"
"Firing signal flare… %d%%","Запуск ракеты… %d%%"
"Not enough credits","Недостаточно кредитов"
"Extraction called","Эвакуация вызвана"
"Tower Key","Ключ от башни"
"Lodge Key","Ключ от лоджа"
"Temple Key","Ключ от храма"
"Signal Flare","Сигнальная ракета"
"A heavy keycard that unlocks the sealed storage annex at the North Tower.","Тяжёлая карта-ключ, открывающая запертую пристройку-хранилище у Северной башни."
"A frost-bitten keycard that unlocks the sealed storage annex at the Alpine Lodge.","Обмёрзшая карта-ключ, открывающая запертую пристройку-хранилище у Альпийского лоджа."
"A jade-inlaid keycard that unlocks the sealed storage annex at the Temple.","Инкрустированная нефритом карта-ключ, открывающая запертую пристройку-хранилище у Храма."
"Burn it at a signal-extraction beacon to call evac — but the smoke draws every robot in the area.","Зажги её у сигнального маяка эвакуации, чтобы вызвать эвак — но дым привлечёт всех роботов в округе."
"Unequip","Снять"
"BROKEN","СЛОМАНО"
"INSURE (CR %d)","ЗАСТРАХОВАТЬ (CR %d)"
"INSURED","ЗАСТРАХОВАНО"
"REPAIR (CR %d)","ПОЧИНИТЬ (CR %d)"
"returns in %s","вернётся через %s"
"ready — claim in Hub","готово — заберите в Хабе"
"Secure","В сейф-карман"
"Unsecure","Из сейф-кармана"
"Too heavy to secure","Слишком тяжёлое для кармана"
"Pouch full","Карман полон"
"SECURE %d/%d","СЕЙФ %d/%d"
"Secured items survive death (deposited with no bonus)","Вещи в сейф-кармане переживают смерть (зачисляются без бонуса)"
"BLEEDING","КРОВОТЕЧЕНИЕ"
"FRACTURE","ПЕРЕЛОМ"
"PAINKILLER","ОБЕЗБОЛИВАЮЩЕЕ"
"Insurance returned %d item(s)","Страховка вернула предметов: %d"
"Secured items recovered","Вещи из сейф-кармана возвращены"
"Scout Helmet","Шлем разведчика"
"Assault Helmet","Штурмовой шлем"
"Scrap Vest","Жилет из лома"
"Composite Vest","Композитный жилет"
"Field Pack","Полевой рюкзак"
"Expedition Pack","Экспедиционный рюкзак"
"Lightweight salvaged headgear. Blocks 10% of incoming damage until it cracks.","Лёгкий трофейный шлем. Блокирует 10% входящего урона, пока не треснет."
"Reinforced combat helmet. Blocks 15% of incoming damage and takes more punishment than scrap headgear.","Усиленный боевой шлем. Блокирует 15% входящего урона и держит больше ударов, чем самодельный."
"Plates bolted onto a harness. Blocks 20% of incoming damage until the plates fail.","Пластины, прикрученные к разгрузке. Блокируют 20% входящего урона, пока не откажут."
"Layered composite body armor. Blocks 30% of incoming damage and endures a sustained firefight.","Многослойная композитная броня. Блокирует 30% входящего урона и переживает затяжной бой."
"A sturdy field backpack. Adds 15 to your carry weight with no movement penalty.","Прочный полевой рюкзак. +15 к переносимому весу без штрафа к скорости."
"A massive hauler's pack. Adds 30 to your carry weight but slows you down by 7%.","Огромный грузовой рюкзак. +30 к переносимому весу, но замедляет на 7%."
"Bandage","Бинт"
"Splint","Шина"
"Painkillers","Обезболивающие"
"Stops bleeding.","Останавливает кровотечение."
"Sets a fractured limb so you can run and sprint again.","Фиксирует перелом — снова можно бегать и спринтовать."
"Masks injury penalties for a while. The injury itself remains.","На время маскирует штрафы от травм. Сама травма остаётся."
